runs, execution time
0, 0.2233667
1, 0.2277203
2, 0.2283634
3, 0.2254979
4, 0.2240547
5, 0.2280096
6, 0.2424513
7, 0.2306441
8, 0.241309
9, 0.2247098
