run, execution time
0, 0.4539834
1, 0.4177283
2, 0.4184731
3, 0.2258148
4, 0.22544
5, 0.2233176
6, 0.2241915
7, 0.2232065
8, 0.2246283
9, 0.223308