runs, execution time
0, 0.4155486
1, 0.4130516
2, 0.2259414
3, 0.2424875
4, 0.2330068
5, 0.2318902
6, 0.2297779
7, 0.2268597
8, 0.2299866
9, 0.2276113
